{
    "OptionData": {
        "BgmVolume": 0.36552828550338747,
        "SfxVolume": 0.6394088864326477
    },
    "Stage": 0,
    "MyItem": [],
    "SuccessStack": 0
}